{"stats":{"minecraft:dropped":{"minecraft:feather":1,"minecraft:rotten_flesh":5,"gravestone:obituary":1,"minecraft:string":1},"minecraft:custom":{"minecraft:time_since_rest":11319,"minecraft:sprint_one_cm":44678,"minecraft:damage_taken":460,"minecraft:walk_one_cm":21266,"minecraft:mob_kills":12,"minecraft:drop":4,"minecraft:damage_dealt":1679,"minecraft:interact_with_crafting_table":4,"minecraft:fly_one_cm":43955,"minecraft:crouch_one_cm":324,"minecraft:play_time":24649,"minecraft:deaths":1,"minecraft:sneak_time":115,"minecraft:jump":241,"minecraft:leave_game":2,"minecraft:time_since_death":11293,"minecraft:total_world_time":24649,"minecraft:fall_one_cm":5598},"minecraft:mined":{"cave_stuff:bulbletfern":1,"minecraft:birch_leaves":1,"minecraft:crafting_table":1,"gravestone:gravestone":1,"minecraft:grass":2,"minecraft:grass_block":2,"minecraft:oak_log":4,"minecraft:dirt":7,"minecraft:stone":16,"minecraft:oak_leaves":7},"minecraft:crafted":{"minecraft:oak_planks":16,"minecraft:crafting_table":1,"minecraft:stick":8,"minecraft:wooden_pickaxe":1,"minecraft:stone_pickaxe":1,"minecraft:stone_sword":1,"minecraft:furnace":1,"minecraft:stone_axe":1},"minecraft:picked_up":{"minecraft:crafting_table":1,"minecraft:feather":1,"born_in_chaos_v1:monster_flesh":1,"minecraft:dandelion":1,"minecraft:oak_log":4,"minecraft:dirt":9,"minecraft:string":1,"minecraft:rotten_flesh":5,"minecraft:beef":3,"minecraft:oak_sapling":2,"minecraft:cobblestone":16},"minecraft:killed":{"alexsmobs:blue_jay":2,"minecraft:zombie":3,"born_in_chaos_v1:dread_hound":1,"lostfeatures:moobloom":2,"minecraft:spider":2,"alexsmobs:seagull":1,"undead_revamp2:sucker":1},"minecraft:used":{"minecraft:stone_sword":31,"minecraft:wooden_pickaxe":16,"minecraft:stone_axe":3,"minecraft:dirt":9,"minecraft:beef":2,"minecraft:crafting_table":1,"minecraft:oak_sapling":2,"alexsmobs:animal_dictionary":1,"minecraft:dandelion":1}},"DataVersion":3465}